{"initial_reset_timestamp": 1588777695.97891, "timestamps": [1588777700.0097952, 1588777703.6069543, 1588777703.6669507, 1588777703.668985, 1588777703.6709733, 1588777703.67297, 1588777703.6749647, 1588777703.6769593, 1588777707.086828, 1588777707.1377513], "episode_lengths": [200, 200, 200, 200, 200, 200, 200, 200, 200, 200], "episode_rewards": [200.0, 200.0, 200.0, 200.0, 200.0, 200.0, 200.0, 200.0, 200.0, 200.0], "episode_types": ["t", "t", "t", "t", "t", "t", "t", "t", "t", "t"]}